ID,FirstName,LastName,Email
1,John,Doe,john@test.com
2,Jane,Doe,jane@test.com
3,Stephen,Adams,shephen@test.com
4,James,Smith,james@test.com
5,Cameron,Patterson,cameron@test.com
6,Nikola,Jokic,nikola@test.com
7,Ggiannis,Antetokounmpo,giannis@test.com
8,Jayson,Tatum,jayson@test.com
9,Anthony,Davis,anthony@test.com
10,Kevin,Johnson,kevin@test.com